{
    "cut1": {
        "total_events": 117236.0, 
        "total_evtsflagged": 983.0, 
        "total_fracsac": 0.008384796478897267, 
        "total_fracsac_unc": 0.00026855232166865376
    }, 
    "cut2": {
        "total_events": 117236.0, 
        "total_evtsflagged": 75.0, 
        "total_fracsac": 0.0006397352349107782, 
        "total_fracsac_unc": 7.3893886944057077e-05
    }, 
    "sourcetype": "N16"
}