{
    "cut1": {
        "events_flagged": [
            54.0, 
            79.0, 
            57.0, 
            89.0, 
            28.0, 
            31.0, 
            67.0, 
            18.0
        ], 
        "fractional_sac": [
            0.0033153241650294694, 
            0.0034665847558032386, 
            0.003000947667684532, 
            0.0035071127398825707, 
            0.003336908592539626, 
            0.0035950365302099036, 
            0.002809224318658281, 
            0.003009027081243731
        ], 
        "fractional_sac_unc": [
            0.00045190572370048051, 
            0.0003906966926425953, 
            0.00039808119817250878, 
            0.0003724045265628928, 
            0.00063166772727833015, 
            0.00064684721583866214, 
            0.00034368310082348932, 
            0.0007103007360337322
        ], 
        "position": [
            [
                -18.6, 
                25.6, 
                -371.35
            ], 
            [
                -18.6, 
                25.6, 
                -221.39
            ], 
            [
                -18.6, 
                25.6, 
                -71.31
            ], 
            [
                -18.6, 
                25.6, 
                228.65
            ], 
            [
                -18.6, 
                25.6, 
                378.64
            ], 
            [
                -18.6, 
                25.6, 
                528.64
            ], 
            [
                -18.6, 
                25.6, 
                71.03
            ], 
            [
                -18.6, 
                25.6, 
                71.03
            ]
        ], 
        "run": [
            100941, 
            100943, 
            100945, 
            100947, 
            100949, 
            100951, 
            100934, 
            100934
        ], 
        "total_events": [
            16288.0, 
            22789.0, 
            18994.0, 
            25377.0, 
            8391.0, 
            8623.0, 
            23850.0, 
            5982.0
        ]
    }, 
    "cut2": {
        "events_flagged": [
            8.0, 
            11.0, 
            11.0, 
            23.0, 
            8.0, 
            9.0, 
            10.0, 
            5.0
        ], 
        "fractional_sac": [
            0.0004911591355599214, 
            0.0004826890166308307, 
            0.0005791302516584185, 
            0.0009063325058123497, 
            0.0009534024550113217, 
            0.0010437202829641657, 
            0.0004192872117400419, 
            0.0008358408559010365
        ], 
        "fractional_sac_unc": [
            0.00017369361759501825, 
            0.00014557133454587708, 
            0.00017466489576836269, 
            0.00018906901288968708, 
            0.00033723931810391395, 
            0.00034808827231015655, 
            0.00013261805207474359, 
            0.00037395558020635831
        ], 
        "position": [
            [
                -0.186, 
                0.256, 
                -3.7135
            ], 
            [
                -0.186, 
                0.256, 
                -2.2139
            ], 
            [
                -0.186, 
                0.256, 
                -0.7131
            ], 
            [
                -0.186, 
                0.256, 
                2.2865
            ], 
            [
                -0.186, 
                0.256, 
                3.7864
            ], 
            [
                -0.186, 
                0.256, 
                5.2864
            ], 
            [
                -0.186, 
                0.256, 
                0.7103
            ], 
            [
                -0.186, 
                0.256, 
                0.7103
            ]
        ], 
        "run": [
            100941, 
            100943, 
            100945, 
            100947, 
            100949, 
            100951, 
            100934, 
            100934
        ], 
        "total_events": [
            16288.0, 
            22789.0, 
            18994.0, 
            25377.0, 
            8391.0, 
            8623.0, 
            23850.0, 
            5982.0
        ]
    }, 
    "sourcetype": "N16"
}
