{
    "cut1": {
        "events_flagged": [
            171.0, 
            208.0, 
            150.0, 
            210.0, 
            69.0, 
            75.0, 
            180.0, 
            53.0
        ], 
        "fractional_sac": [
            0.010342950462710943, 
            0.00900978948280343, 
            0.007821869948375658, 
            0.008210180623973728, 
            0.008161816891412349, 
            0.008623663332183512, 
            0.007480053191489362, 
            0.008779194964386285
        ], 
        "fractional_sac_unc": [
            0.00079502502148872214, 
            0.0006275244707043304, 
            0.00064114587209066366, 
            0.00056887729894887138, 
            0.00098656890782478903, 
            0.0010000592658906875, 
            0.00055961154020658238, 
            0.0012111970861160867
        ], 
        "position": [
            [
                -18.6, 
                25.6, 
                -371.35
            ], 
            [
                -18.6, 
                25.6, 
                -221.39
            ], 
            [
                -18.6, 
                25.6, 
                -71.31
            ], 
            [
                -18.6, 
                25.6, 
                228.65
            ], 
            [
                -18.6, 
                25.6, 
                378.64
            ], 
            [
                -18.6, 
                25.6, 
                528.64
            ], 
            [
                -18.6, 
                25.6, 
                71.03
            ], 
            [
                -18.6, 
                25.6, 
                71.03
            ]
        ], 
        "run": [
            100941, 
            100943, 
            100945, 
            100947, 
            100949, 
            100951, 
            100934, 
            100934
        ], 
        "total_events": [
            16533.0, 
            23086.0, 
            19177.0, 
            25578.0, 
            8454.0, 
            8697.0, 
            24064.0, 
            6037.0
        ]
    }, 
    "cut2": {
        "events_flagged": [
            10.0, 
            12.0, 
            11.0, 
            23.0, 
            8.0, 
            9.0, 
            10.0, 
            4.0
        ], 
        "fractional_sac": [
            0.0006048509042521019, 
            0.0005197955470848133, 
            0.0005736037962142149, 
            0.0008992102588161701, 
            0.0009462976105985332, 
            0.0010348395998620215, 
            0.0004155585106382979, 
            0.0006625807520291535
        ], 
        "fractional_sac_unc": [
            0.00019132848659350631, 
            0.00015009104264362253, 
            0.00017299764657009224, 
            0.00018758258148631851, 
            0.00033472499115343673, 
            0.00034512496930235397, 
            0.00013143844114106673, 
            0.00033140011115372883
        ], 
        "position": [
            [
                -18.6, 
                25.6, 
                -371.35
            ], 
            [
                -18.6, 
                25.6, 
                -221.39
            ], 
            [
                -18.6, 
                25.6, 
                -71.31
            ], 
            [
                -18.6, 
                25.6, 
                228.65
            ], 
            [
                -18.6, 
                25.6, 
                378.64
            ], 
            [
                -18.6, 
                25.6, 
                528.64
            ], 
            [
                -18.6, 
                25.6, 
                71.03
            ], 
            [
                -18.6, 
                25.6, 
                71.03
            ]
        ], 
        "run": [
            100941, 
            100943, 
            100945, 
            100947, 
            100949, 
            100951, 
            100934, 
            100934
        ], 
        "total_events": [
            16533.0, 
            23086.0, 
            19177.0, 
            25578.0, 
            8454.0, 
            8697.0, 
            24064.0, 
            6037.0
        ]
    }, 
    "sourcetype": "N16"
}