{
    "cut1": {
        "events_flagged": [
            158.0, 
            190.0, 
            129.0, 
            176.0, 
            62.0, 
            70.0, 
            145.0, 
            53.0
        ], 
        "fractional_sac": [
            0.010402264796892487, 
            0.009166345040524894, 
            0.007527571920406139, 
            0.007936507936507936, 
            0.007886034088018317, 
            0.008433734939759036, 
            0.007320644216691069, 
            0.008779194964386285
        ], 
        "fractional_sac_unc": [
            0.00083185286531436021, 
            0.00066803740423894995, 
            0.00066525558359558875, 
            0.00060060605870200609, 
            0.0010054686150246085, 
            0.001012265907776888, 
            0.0006101676337244837, 
            0.0012111970861160867
        ], 
        "position": [
            [
                -18.6, 
                25.6, 
                -371.35
            ], 
            [
                -18.6, 
                25.6, 
                -221.39
            ], 
            [
                -18.6, 
                25.6, 
                -71.31
            ], 
            [
                -18.6, 
                25.6, 
                228.65
            ], 
            [
                -18.6, 
                25.6, 
                378.64
            ], 
            [
                -18.6, 
                25.6, 
                528.64
            ], 
            [
                -18.6, 
                25.6, 
                71.03
            ], 
            [
                -18.6, 
                25.6, 
                71.03
            ]
        ], 
        "run": [
            100941, 
            100943, 
            100945, 
            100947, 
            100949, 
            100951, 
            100934, 
            100934
        ], 
        "total_events": [
            15189.0, 
            20728.0, 
            17137.0, 
            22176.0, 
            7862.0, 
            8300.0, 
            19807.0, 
            6037.0
        ]
    }, 
    "cut2": {
        "events_flagged": [
            10.0, 
            9.0, 
            10.0, 
            17.0, 
            7.0, 
            9.0, 
            9.0, 
            4.0
        ], 
        "fractional_sac": [
            0.0006583711896767397, 
            0.00043419529139328446, 
            0.0005835327070082278, 
            0.0007665945165945166, 
            0.0008903586873569067, 
            0.0010843373493975904, 
            0.0004543848134497905, 
            0.0006625807520291535
        ], 
        "fractional_sac_unc": [
            0.00020826377412207328, 
            0.00014476318131297528, 
            0.00018458307590772885, 
            0.00018599773168916613, 
            0.00033667373223604551, 
            0.00036164169461960001, 
            0.00015149601150164969, 
            0.00033140011115372883
        ], 
        "position": [
            [
                -18.6, 
                25.6, 
                -371.35
            ], 
            [
                -18.6, 
                25.6, 
                -221.39
            ], 
            [
                -18.6, 
                25.6, 
                -71.31
            ], 
            [
                -18.6, 
                25.6, 
                228.65
            ], 
            [
                -18.6, 
                25.6, 
                378.64
            ], 
            [
                -18.6, 
                25.6, 
                528.64
            ], 
            [
                -18.6, 
                25.6, 
                71.03
            ], 
            [
                -18.6, 
                25.6, 
                71.03
            ]
        ], 
        "run": [
            100941, 
            100943, 
            100945, 
            100947, 
            100949, 
            100951, 
            100934, 
            100934
        ], 
        "total_events": [
            15189.0, 
            20728.0, 
            17137.0, 
            22176.0, 
            7862.0, 
            8300.0, 
            19807.0, 
            6037.0
        ]
    }, 
    "sourcetype": "N16"
}